release_year,n_tabs,bpm,complexity,repetition,melodicness,energy,finger_movement,disruption,root_stability,intra_root_variation,harmonic_palette,loop_strength,structure_variation,playability,harmonic_softness,share_billboard_year_end,release_upload_gap
1946,10,88,.1153030533444154,.9210209707579546,0,.6427634256642689,.3033717252924539,.7026429668287179,.1803934111296406,.2,.52,.2315090824406148,.7166666666666667,.8846969466555846,.1395190694126621,.1,72.400002
1947,7,,.1733219613373214,.9279014398907277,0,.6152059184968308,.4478876965331748,.5891644658805683,.2675872994794247,.2380952380952381,.4571428571428571,.211148561057817,.8571428571428571,.8266780386626786,.2408042288226875,0,70.428574
1948,8,68,.1257062072609695,.9444809656731739,.0625,.597862956912704,.5762395247304266,.5843557187165618,.2855559448118736,.1666666666666667,.3875,.9778571428571429,1.1875,.8742937927390305,.1724976558837318,0,72.125
1949,23,122,.2169436348008707,.8976723509464064,0,.6496456738755756,.5457803689325241,.7002227754131358,.1940868029232128,.2028985507246377,.508695652173913,.1499549187673259,.6642512077294687,.7830563651991291,.2933542919657222,.0434782608695652,70.08696
1950,17,,.1943398288215529,.8821089359912816,0,.6652289007814453,.4760116669389384,.7427040623573082,.157482620267904,.1764705882352941,.4941176470588236,.6390964924799512,.6078431372549019,.8056601711784471,.2453056720301092,.1176470588235294,66.705879
1951,19,125.5,.1736067831071444,.9026100632071788,0,.6319741973589921,.3936349099152174,.6708727746912836,.196073551711227,.1929824561403509,.4736842105263159,.1704334092070423,.8157894736842105,.8263932168928555,.2244180139833599,.2105263157894737,68.421051
1952,17,136.5,.2327506948287343,.8997448619005093,0,.6581841956864118,.564975446139108,.6959499834746348,.2163001294142812,.3137254901960784,.623529411764706,.2411430021823343,.6666666666666666,.7672493051712657,.3210810659815632,.1764705882352941,66.470589
1953,18,105,.2105689918197749,.8785266370591206,0,.6718998610647865,.3764812319870984,.7649265734121788,.1487929229419885,.2592592592592593,.5916666666666667,.4069993402809138,.5509259259259259,.789431008180225,.2699660777390386,.2222222222222222,63.222221
1954,20,148.3333333333333,.2325453219498249,.8879069983147024,0,.6576771191198642,.497876408250866,.7415516670496112,.1669912297315764,.3166666666666667,.68,.1932971730844071,.4416666666666667,.7674546780501749,.3128468687928432,.1,64.900002
1955,33,142.3333333333333,.1783979255349963,.8949723173188388,0,.6624361787135286,.4161191606536312,.7474072519683299,.1546126103340913,.2121212121212121,.484848484848485,.240372947651304,.5050505050505051,.8216020744650037,.2273114207708864,.0303030303030303,62.848484
1956,39,128.4,.1634622029866425,.901782099874053,0,.6415046504074906,.3917207224320519,.6976856110117418,.1903869077428142,.2307692307692308,.4871794871794871,.4653188596748542,.6025641025641024,.8365377970133577,.206958404893773,.1025641025641026,61.128204
1957,47,131,.1358274188088846,.9010847793889049,.0006546644844517,.6545836936594487,.3923367696208389,.7147751940793103,.1958055230724459,.2340425531914894,.4914893617021277,.2209112975532298,.6595744680851064,.8641725811911157,.1604355509407442,.1276595744680851,61.361702
1958,59,136.2857142857143,.1739279402644232,.8516316090346387,0,.6615136924104364,.407875928552002,.754376064153677,.1400150167630322,.2184557438794727,.6039548022598868,.2481197472811536,.4858757062146893,.8260720597355767,.1909676397971313,.1864406779661017,58.35593
1959,84,120.5,.1563035233094587,.9061998978890022,0,.6536629219518095,.4287223132066744,.7280248737681012,.168287003775522,.173941798941799,.4636904761904759,.2971274747008124,.5737433862433864,.843696476690541,.1979724707750994,.0833333333333333,58.726189
1960,87,223.5,.1716946726486033,.8782211828505606,.007346232296001,.6614159702388879,.3989414884459482,.7526006020329842,.1434140767007255,.2375478927203065,.5885057471264366,.2947363920596307,.689655172413793,.8283053273513963,.2049719096480459,.0689655172413793,58.344826
1961,55,138.8125,.1623943591466726,.8883560860398755,.0025205213807779,.6444950313323207,.4590019210608134,.7091934908886429,.1830733524282727,.2101010101010102,.6072727272727274,.370959711586046,.5696969696969697,.8376056408533274,.1962279892710376,.0909090909090909,57.672726
1962,97,137.1111111111111,.1676553725698696,.8787414476395486,0,.6710733425468066,.4079271384069833,.7802372819860424,.1280233319570659,.1890034364261169,.5134020618556696,.2829946246491673,.4089347079037801,.8323446274301299,.1985865860428157,.0103092783505155,54.371136
1963,106,120.5,.1666606132544782,.8785495958008219,.0014239943040228,.6758154407077629,.4062482699250219,.7864673484289615,.1209444626844114,.1876310272536687,.554088050314465,.3137230277222387,.5461215932914045,.833339386745522,.1968007526246781,.0471698113207547,54.981133
1964,125,149.7,.1713949958000713,.8980426387084038,0,.6550585181069241,.4753254631284793,.7308764359023795,.1669736264221284,.1959999999999999,.4931999999999996,.3440312009795679,.6006666666666669,.8286050041999286,.2176867521390548,.032,54.776001
1965,143,101,.175521650045091,.8877151212503052,.0029627668044,.6725437400362837,.4445755571242313,.7752350698915625,.1325464445556169,.1818181818181817,.4720279720279716,.3179285571380434,.5256410256410254,.824478349954909,.2176794975753552,.006993006993007,53.034966
1966,158,122.8076923076923,.1719158083082059,.8817121692417919,.0025212129642509,.687817967432733,.4651051569575554,.8003412402094666,.1186589466920434,.2225738396624471,.5468354430379747,.2618685613427151,.5676863572433195,.828084191691794,.2076677933415376,0,52.727848
1967,193,130.6333333333333,.1671251779990138,.8861344322932184,.0074089718893185,.6846233341962666,.4616294420831283,.7915697643666857,.1252808614326332,.2271157167530227,.5624352331606219,.3155504084971525,.5582901554404145,.8328748220009857,.2026315848605021,0,51.865284
1968,212,105.3333333333333,.157983854082772,.8805500254694562,.0122521608490437,.688175226849059,.5167150060624499,.7924748995190873,.1318485749581885,.27332285115304,.6097484276729563,.2805520019619411,.5115303983228512,.8420161459172275,.1836731071175905,.0094339622641509,50.245281
1969,230,134.9090909090909,.1565641022991894,.8863936815843734,.012731668034633,.6813848914678792,.4828869616695106,.7861313909589982,.1299464358116882,.2528985507246382,.5984782608695659,.3557515047851429,.632246376811594,.8434358977008098,.1852026248882316,.0043478260869565,50.130436
1970,208,107.3333333333333,.14970583679192,.8906008070957461,.0109101946952523,.6771365953435837,.4687037153337051,.7794883249095333,.1351007231560373,.2403846153846156,.6021634615384617,.3023718054898827,.5428685897435896,.8502941632080797,.1765769327170308,.0144230769230769,48.240383
1971,229,124.2592592592593,.1401168684769782,.8912197119613714,.0107152266791002,.6820918121300125,.4386092610346666,.7803791364163235,.1339623409730129,.2653508771929828,.6205409356725148,.3102712846778591,.6232943469785577,.8598831315230213,.1610079221025448,.0043668122270742,47.030567
1972,234,129.6666666666667,.1449479873163261,.8895293293685574,.0170598396345828,.6836970420011397,.4434533047133327,.796476773779733,.123530494677126,.2245963912630582,.5674501424501427,.3243287308001222,.5185185185185187,.8550520126836744,.1679328651062489,.0042735042735043,46.098289
1973,282,116.5555555555556,.1360120195432045,.8898098640506789,.0109102906004216,.6762935465845674,.3971440255067087,.7852848260426364,.1280534190440105,.1981875492513794,.5435579196217503,.3648232451335441,.5250197005516156,.8639879804567948,.1532266086057935,.0106382978723404,44.14539
1974,211,106.1818181818182,.1380461316369356,.8904622311882555,.0106361402743521,.6801219842841097,.42725290127695,.7869797922491242,.1272554209231025,.2264550264550266,.5947619047619047,.3331902420408304,.5308201058201061,.8619538683630644,.1570517068537294,.0473933649289099,44.094788
1975,214,120.2,.1638854522111755,.8921431406518117,.0147937548310751,.6778450434206366,.5091622515889676,.776422615078898,.1393054918584521,.2580477673935622,.5712616822429909,.3643333427546493,.5268691588785048,.8361145477888243,.2012378474531673,0,42.299065
1976,206,111.28,.1350965152886345,.8966217076203816,.0061797643328337,.6773003986336104,.4272075421270433,.7797188020101957,.1301929116628859,.2033441208198491,.5422330097087378,.3422106277532374,.5176645091693636,.8649034847113652,.1562419972279787,0,41.757282
1977,224,121.1612903225806,.1275114782651165,.8901127535617374,.0143714369880397,.6828536946561996,.4321108300239981,.7892945223010983,.1248554414792538,.2239583333333336,.5769345238095236,.2768466968759131,.5379464285714287,.8724885217348842,.1392609661496856,.0089285714285714,40.691963
1978,210,111.3636363636364,.1307187375512437,.9059460970549293,.0082395000468235,.6773872120242584,.4037992803468821,.7844892540752696,.1263656271897952,.1716931216931216,.526031746031746,.2964507797822377,.5845238095238099,.8692812624487555,.1551619606220257,.019047619047619,40.504761
1979,178,125.5789473684211,.1218359755108624,.9034998585976238,.016420862897448,.6811089045515576,.4485797423323898,.7970149293559471,.118634011367451,.1991260923845192,.5404494382022471,.2916720210287674,.5485330836454431,.8781640244891377,.1387265315831868,.0112359550561798,38.904495
1980,207,98.92857142857143,.1326048782188335,.9037212716690786,.0240155975675811,.683567438939868,.4819125120109188,.7968995502662096,.1242674913459738,.2412775093934516,.5922705314009661,.3619437086017912,.5822597960279119,.8673951217811664,.1568223114774419,0,37.937199
1981,187,116,.1312120100904658,.8957826088732521,.019661448060822,.6790291139010386,.4983656488833141,.7707498666739264,.1473077616911917,.2379679144385028,.6056149732620323,.3597265939510496,.5261437908496734,.8687879899095339,.1492084227329445,.0053475935828877,36.283421
1982,215,108.2857142857143,.1252486164905138,.9007141917651227,.0123612015720973,.6817211610527122,.426919541472671,.7813527469778903,.135307960490712,.236434108527132,.5962015503875969,.2965713197860569,.522997416020672,.874751383509486,.1425571553276047,.0046511627906977,35.841862
1983,186,103.2941176470588,.1321899606496024,.8948488056826939,.0113129291589838,.6915614549398528,.4743665560261215,.822741735135524,.1004454846677026,.2290919952210276,.6155913978494622,.3005633034550585,.5993130227001194,.8678100393503977,.1502158048711335,.0053763440860215,35.327957
1984,202,92.86666666666666,.1272661826028265,.8973645642907012,.0127466529659654,.6868281858113906,.4546395170451565,.7889453074376791,.1247214023200889,.2519251925192521,.6127062706270623,.2852968484898282,.6347634763476344,.8727338173971734,.1436866805318451,.004950495049505,34.480198
1985,289,104.7931034482759,.1173556399413063,.8939320122455471,.0126501036036609,.6813336735296057,.4805467948555062,.7973632274958407,.1219420092519788,.258169934640523,.6265859284890432,.2984747463771553,.5227797001153401,.8826443600586932,.1248807413992086,0,32.913494
1986,231,107.85,.1313512927766876,.8976600077279336,.0199746658780663,.677276146508661,.4809210029890773,.791299577483129,.1253527402934797,.246753246753247,.5955988455988452,.3046843631139838,.5963203463203464,.8686487072233122,.1506921597797687,0,31.69697
1987,252,109.8571428571429,.1232263338640582,.8970326981524018,.0278847388960592,.6771876615732952,.5036770652994532,.7654680722797363,.1460695694548261,.272266313932981,.6300925925925932,.3200421440237337,.6102292768959434,.8767736661359417,.136732355208365,.0158730158730159,30.718254
1988,291,116.0555555555556,.1429588813946123,.8985328912975208,.0235304368725532,.682852577901198,.4959249343416915,.7862211524443196,.1303918173028072,.2239404352806417,.5915807560137464,.2996201342309736,.5764604810996564,.8570411186053871,.1706200631893678,.0103092783505155,29.745705
1989,266,129.7666666666667,.1275997761299566,.8953866374826646,.015643974019726,.6762672475180064,.488205191528562,.7756939193390141,.1402680606897336,.2798663324979115,.6720551378446118,.3235064004576403,.6633249791144527,.8724002238700436,.1429240518717044,.0112781954887218,28.142857
1990,359,110.8333333333333,.1126058050041742,.8991528559450453,.0103555431771439,.6828525823370238,.4243111542748917,.7973128219596297,.1195057234866265,.2276385020117612,.5775301764159714,.2534556482370258,.5721138966264313,.8873941949958247,.1204449123036543,.0501392757660167,26.972145
1991,399,104.7105263157895,.1090686508790155,.9044063399920663,.0200644135094275,.6816407548355313,.4485569265081644,.7911691006289967,.1259860633012508,.2187412976886662,.5974101921470355,.2629855735468435,.5609161793372321,.8909313491209839,.1180519781264032,.0852130325814536,26.027569
1992,468,112.2982456140351,.1188197911479835,.8982447418347267,.0156286708643979,.6698515970460678,.4547575008857878,.7617747601550426,.145036823536502,.253561253561253,.5845797720797727,.2463878243868698,.552113010446344,.8811802088520171,.1301961464697906,.0192307692307692,24.94017
1993,409,116.6451612903226,.1133651879598539,.9004561553593733,.0166568027184042,.67990813462988,.4949000252099769,.7836207569156414,.1313986690672407,.2427329530019013,.6181744091279555,.2498809595516393,.5812958435207826,.8866348120401455,.1225794168393387,.0513447432762836,24.090464
1994,488,119.8936170212766,.1128314985579422,.8958231736556588,.0171808388085461,.6814518031135196,.4746064544914114,.7944332065678763,.1242458490026259,.246926229508196,.6075478142076511,.3089606686541564,.5440004553734064,.8871685014420568,.1186012800336756,.0491803278688525,22.493853
1995,461,113.96875,.1195227656354928,.9021001146681279,.0168435906633287,.68340108440489,.442042479838495,.7907559429194284,.1252480103675055,.2037840443480354,.5577368040491696,.3441868717079074,.5491684743311642,.8804772343645065,.1324918875732647,.017353579175705,21.817787
1996,492,105.3617021276596,.1171262825590671,.898773744355037,.0280487293656685,.6906398685988175,.5347906816506725,.8011908521112118,.1214580929417439,.2598238482384819,.6097899728997297,.3200380360238443,.5418925022583561,.8828737174409335,.1277263005018026,.0223577235772358,20.646341
1997,390,113.8571428571429,.0930845111991773,.906154558287846,.0197092719175314,.6884003398982649,.4573582096653657,.8075473896170834,.1148147446915766,.2177949157383605,.5844044558697524,.3578939116170182,.5619822907740647,.9069154888008242,.0925772241905263,.0435897435897436,19.743589
1998,575,110.8636363636364,.1099166446538336,.9050642135525393,.0172762426972286,.6803229461692554,.4824043495827669,.7894192066726318,.1273223054229495,.2235772357723571,.5742450638792105,.3789737099148922,.5340689121176921,.8900833553461662,.1199038834580829,.0434782608695652,18.92
1999,487,102.5,.1076968913022112,.8989917517781627,.0141798163676945,.6896858406352164,.4731175443430289,.8057604493043898,.1169839459772913,.2359114761578822,.6099931553730328,.331042436689315,.5270933150809944,.8923031086977883,.1121559866891269,.0328542094455852,17.601643
2000,455,107.2432432432432,.1100688498773741,.8954226589555807,.0218582389342939,.6900185370194329,.51630043774509,.8016756239355614,.1205346359111074,.2631257631257625,.6350915750915759,.3256583954678047,.5331501831501829,.8899311501226261,.1137298557660105,.0395604395604396,16.303297
2001,462,116.96,.095053458735486,.9083629768559358,.0306845270182304,.6899647322564139,.5222762565035884,.8019557486458837,.1203399568322874,.2189754689754688,.5822150072150081,.3822706036662923,.5089586339586339,.9049465412645138,.0973310824631005,.0346320346320346,15.054112
2002,442,116.6511627906977,.091072253765038,.9038443948056927,.0354964924504575,.6920764186971495,.5391175338767861,.8213771835366882,.1044528495972219,.227878330819507,.60211161387632,.3969457337657952,.5384615384615381,.9089277462349614,.0876833528121915,.002262443438914,13.457013
2003,528,110.2826086956522,.09882124677324,.9056799971719112,.0391787823527575,.6828673518817741,.5361212267776694,.7948013820945801,.1226311639221463,.209701178451178,.5764520202020205,.3926396640550959,.5261468855218857,.90117875322676,.1018220760700084,.009469696969697,12.698864
2004,497,112.9354838709677,.094777639398738,.9052967115379538,.0374551012114643,.6867769227316297,.5554290176891176,.798463445699006,.1226713714849595,.2529622177509496,.5923876592890673,.3716512722545132,.5765705343170129,.9052223606012613,.0948272066898659,.0040241448692153,11.716298
2005,548,110.6865671641791,.0888277679965715,.9110684043855152,.0441655072746219,.6885186034895474,.5647135995399321,.8027177073687027,.1192540327174634,.2231346309813457,.5851885644768865,.3993269851445053,.550841443633414,.9111722320034282,.0887585495846295,.0200729927007299,10.456204
2006,612,103.1147540983606,.1023273792940312,.9035772395281599,.0459643824908285,.6938839302062394,.5482586183718116,.8114646203229537,.1115028116416328,.2258533042846764,.5906318082788671,.388882166577243,.5370370370370372,.8976726207059698,.1062637918421584,.042483660130719,9.2222223
2007,541,117.0444444444445,.0998702006907385,.9074869083241157,.0283984120333007,.6835103638123493,.5407945468727877,.7973002234299627,.1214152001205124,.2205791743684528,.5828404189772028,.3459494867853878,.513349763811871,.900129799309261,.1047749400339745,.0924214417744917,8.4842882
2008,655,117.0263157894737,.0868415424372857,.9107654134375521,.0252376982685191,.6798357370146049,.4772544243189156,.7907967812443321,.1244762800315223,.1994910941475821,.5463867684478374,.3947984400215414,.5710771840542831,.9131584575627139,.0852461796871777,.0625954198473282,7.9862595
2009,630,105.0851063829787,.090826980449757,.911841290185615,.0425067839110614,.6890855646052628,.5759671643664459,.8129595417443897,.1126640276845993,.2192239858906524,.5791798941798942,.4338498057832431,.5399029982363318,.909173019550243,.0926058275400066,.0523809523809524,6.7761903
2010,554,117.2083333333333,.0971573075956379,.913133681238943,.0405135271340025,.6854027107956243,.5601830060257444,.8010177940115231,.1192534167534421,.1838146811070997,.5419675090252719,.4251289357602971,.5221620537505014,.9028426924043613,.104017966818693,.0469314079422383,5.6046929
2011,668,114.8933333333333,.0965630401848381,.9081754787427818,.0578769162651955,.6860236086469632,.5769529037301067,.8099098536811615,.1119265149603,.1912840984697266,.565543912175649,.409671272396174,.5118512974051894,.9034369598151619,.0997220528032511,.0838323353293413,4.6407185
2012,566,117.4468085106383,.0923230782511255,.915614315827875,.0490386610827468,.6877133363050956,.5569952075984473,.8071929414983111,.1157174280477991,.1958186101295638,.5384570082449952,.5363936710883663,.5315567334118566,.9076769217488737,.0976146743037932,.0812720848056537,4.3745584
2013,675,116.0597014925373,.0839719652616558,.9166802204013531,.0373701168692676,.6944619208479971,.5664297497143138,.8218725792636854,.1065628690597108,.1873251028806578,.5552592592592592,.5465806007141054,.5032921810699583,.9160280347383439,.0844067557036618,.0844444444444444,2.9377778
2014,572,104.1166666666667,.0880977848302643,.9180916728864764,.0534008951940473,.6837154161114741,.5958214081490986,.8082226960659586,.1115578141992814,.1711344211344209,.5337121212121216,.6171574128949284,.5573038073038076,.9119022151697355,.0922240899747576,.0996503496503496,2.5367134
2015,672,113.2386363636364,.0946919718969046,.9179606803205379,.045141346425546,.68231513588012,.5924015464092732,.7999503977164547,.1206998600123117,.1976686507936505,.5550843253968253,.5796837874997073,.6628224206349209,.9053080281030956,.1031270733751991,.0639880952380952,2.3601191
2016,748,114.0752688172043,.090169073033386,.9193471687319225,.0383611506882013,.6826571799808215,.5885201018889435,.8061283859926904,.1168121175200573,.1994949494949494,.5365641711229944,.6615652454259148,.733103089720736,.9098309269666142,.096513234210258,.0561497326203209,1.6497326
2017,681,111.3418803418803,.082078503819982,.9228833995190211,.0487235870028549,.6797213298043976,.6106441650135197,.7966852654020835,.1221840801913273,.1851851851851848,.5504160548213414,.6814233207163578,.8733072279327787,.9179214961800181,.0853864393793169,.0469897209985316,1.1747431
2018,534,108.57,.0735727262567102,.9269454285610776,.0608835948208189,.6834263741110889,.6422861667606662,.8160092355384885,.1091180550811863,.1588639200998751,.5365792759051196,.7516677322922831,.8819184352892222,.9264272737432893,.0739181628019021,.0767790262172285,.93258429
2019,536,112.4607843137255,.0768852649836195,.9293752300337818,.0574328431646188,.6725551962554693,.6122526050526858,.7935549016976401,.1229533665591474,.171651090342679,.5158878504672908,.6906784459541944,.9108515057113188,.9231147350163805,.0810589283285547,.0802238805970149,.34701493
2020,820,112.5431034482759,.0875966700132932,.9246584915091984,.0518703561241464,.6739820266694212,.6514764336882507,.7900961579032773,.1270434983447314,.2035230352303523,.5585975609756092,.7161405343916186,.8616531165311654,.912403329986707,.0957667776949556,.0646341463414634,-.37439024
2021,802,105.4827586206897,.0869331903777153,.929251070093825,.0721244743824618,.6719594612143079,.6747619795605875,.7770637021856479,.132698764971535,.208090883901358,.5684954280964261,.7143134477003995,.7133555001385425,.9130668096222855,.0977226973587426,.0448877805486284,-.3466334
2022,763,116.5955056179775,.0980579373606061,.9262784106500741,.0701037821959154,.6882399292551977,.7020049977776663,.8106264301020103,.1112499530890424,.212902286296782,.5474006116207946,.7723750148655251,.7803261977573904,.9019420626393935,.1142821693677268,.0471821756225426,-.65006554
2023,791,117.6577777777778,.0939270177313658,.9272452347548429,.0732095678382035,.6908114829571512,.7051963594991301,.8111885186410359,.1118861955713109,.2336704593341767,.5824273072060677,.6466785380774975,.9586318303132457,.9060729822686349,.108041852722172,.0834386852085967,-.89886218
2024,817,116.9012605042017,.0977207465120859,.9249664783718174,.064006664135992,.694208216090065,.7022999564068566,.8308233903103019,.0959930214393182,.2194342445260442,.5615667074663401,.7288424496962027,1.0062559499524,.9022792534879144,.1128455631013546,.0354957160342717,-.62545902
2025,547,115.9171597633136,.0972370107475078,.9298434656168828,.0788140454871386,.6902561081312135,.701111269710427,.8190941903008796,.1064957153513304,.2056672760511878,.5414076782449733,.6318746708605743,1.046110095470242,.9027629892524917,.1152906616571018,.0329067641681901,-1.0146252
2026,69,118.4666666666667,.0858857924768169,.9224155002819391,.0894480244565966,.6819653092290002,.6515031576949476,.8066064019748829,.1166788720989583,.140096618357488,.5304347826086954,.9201597789038616,.756038647342995,.9141142075231826,.0914199876493209,.0579710144927536,-6.826087
